{
    "landings": [
        {
            "path": "programmirovanie-pr100",
            "title": "Программирование ОВЕН ПР100",
            "image": "pr100.png",
            "benefit": "Оперативно программирую контроллеры ОВЕН ПР100 по вашему техническому заданию в среде Owen Logic",
            "advantages": "Программирование контроллеров"
        },
        {
            "path": "programmirovanie-pr102",
            "title": "Программирование ОВЕН ПР102",
            "image": "pr102.png",
            "benefit": "Оперативно программирую контроллеры ОВЕН ПР102 по вашему техническому заданию в среде Owen Logic",
            "advantages": "Программирование контроллеров"
        },
        {
            "path": "programmirovanie-pr200",
            "title": "Программирование ОВЕН ПР200",
            "image": "pr200.png",
            "benefit": "Оперативно программирую контроллеры ОВЕН ПР200 по вашему техническому заданию в среде Owen Logic",
            "advantages": "Программирование контроллеров"
        },
        {
            "path": "programmirovanie-prm",
            "title": "Программирование ОВЕН ПРМ",
            "image": "prm.png",
            "benefit": "Оперативно программирую модуль расширения ввода вывода ОВЕН ПРМ по вашему техническому заданию в среде Owen Logic",
            "advantages": "Программирование контроллеров"
        },
        {
            "path": "programmirovanie-pr-mi485",
            "title": "Программирование ОВЕН ПР-МИ485",
            "image": "pr-mi485.jpg",
            "benefit": "Оперативно конфигурирую модуль интерфейсный ОВЕН ПР-МИ485 по вашему техническому заданию",
            "advantages": "Программирование контроллеров"
        },
        {
            "path": "programmirovanie-plk63",
            "title": "Программирование ОВЕН ПЛК63",
            "image": "plk63.jpg",
            "benefit": "Оперативно программирую контроллеры ОВЕН ПЛК63 по вашему техническому заданию в среде Codesys",
            "advantages": "Программирование контроллеров"
        },
        {
            "path": "programmirovanie-plk73",
            "title": "Программирование ОВЕН ПЛК73",
            "image": "plk73.jpg",
            "benefit": "Оперативно программирую контроллеры ОВЕН ПЛК73 по вашему техническому заданию в среде Codesys",
            "advantages": "Программирование контроллеров"
        },
        {
            "path": "programmirovanie-plk100",
            "title": "Программирование ОВЕН ПЛК100",
            "image": "plk100-150-154.png",
            "benefit": "Оперативно программирую контроллеры ОВЕН ПЛК100 по вашему техническому заданию в среде Codesys",
            "advantages": "Программирование контроллеров"
        },
        {
            "path": "programmirovanie-plk150",
            "title": "Программирование ОВЕН ПЛК150",
            "image": "plk100-150-154.png",
            "benefit": "Оперативно программирую контроллеры ОВЕН ПЛК150 по вашему техническому заданию в среде Codesys",
            "advantages": "Программирование контроллеров"
        },
        {
            "path": "programmirovanie-plk154",
            "title": "Программирование ОВЕН ПЛК154",
            "image": "plk100-150-154.png",
            "benefit": "Оперативно программирую контроллеры ОВЕН ПЛК154 по вашему техническому заданию в среде Codesys",
            "advantages": "Программирование контроллеров"
        },
        {
            "path": "programmirovanie-plk110",
            "title": "Программирование ОВЕН ПЛК110",
            "image": "plk110.png",
            "benefit": "Оперативно программирую контроллеры ОВЕН ПЛК110 по вашему техническому заданию в среде Codesys",
            "advantages": "Программирование контроллеров"
        },
        {
            "path": "programmirovanie-plk160",
            "title": "Программирование ОВЕН ПЛК160",
            "image": "plk160.png",
            "benefit": "Оперативно программирую контроллеры ОВЕН ПЛК160 по вашему техническому заданию в среде Codesys",
            "advantages": "Программирование контроллеров"
        },
        {
            "path": "programmirovanie-plk200",
            "title": "Программирование ОВЕН ПЛК200",
            "image": "plk200.png",
            "benefit": "Оперативно программирую контроллеры ОВЕН ПЛК200 по вашему техническому заданию в среде Codesys",
            "advantages": "Программирование контроллеров"
        },
        {
            "path": "programmirovanie-plk210",
            "title": "Программирование ОВЕН ПЛК210",
            "image": "plk210.png",
            "benefit": "Оперативно программирую контроллеры ОВЕН ПЛК210 по вашему техническому заданию в среде Codesys",
            "advantages": "Программирование контроллеров"
        },
        {
            "path": "programmirovanie-plk304",
            "title": "Программирование ОВЕН ПЛК304",
            "image": "plk304.png",
            "benefit": "Оперативно программирую контроллеры ОВЕН ПЛК304 по вашему техническому заданию в среде Codesys",
            "advantages": "Программирование контроллеров"
        },
        {
            "path": "programmirovanie-spk107",
            "title": "Программирование ОВЕН СПК107",
            "image": "spk107-110.png",
            "benefit": "Оперативно программирую сенсорные панельные контроллеры ОВЕН СПК107 по вашему техническому заданию в среде Codesys",
            "advantages": "Программирование контроллеров"
        },
        {
            "path": "programmirovanie-spk110",
            "title": "Программирование ОВЕН СПК110",
            "image": "spk107-110.png",
            "benefit": "Оперативно программирую сенсорные панельные контроллеры ОВЕН СПК110 по вашему техническому заданию в среде Codesys",
            "advantages": "Программирование контроллеров"
        },
        {
            "path": "programmirovanie-sp307",
            "title": "Программирование ОВЕН СП307",
            "image": "sp307-310-315.png",
            "benefit": "Оперативно программирую сенсорные панели оператора ОВЕН СП307 по вашему техническому заданию",
            "advantages": "Программирование контроллеров"
        },
        {
            "path": "programmirovanie-sp310",
            "title": "Программирование ОВЕН СП310",
            "image": "sp307-310-315.png",
            "benefit": "Оперативно программирую сенсорные панели оператора ОВЕН СП310 по вашему техническому заданию",
            "advantages": "Программирование контроллеров"
        },
        {
            "path": "programmirovanie-sp315",
            "title": "Программирование ОВЕН СП315",
            "image": "sp307-310-315.png",
            "benefit": "Оперативно программирую сенсорные панели оператора ОВЕН СП315 по вашему техническому заданию",
            "advantages": "Программирование контроллеров"
        },
        {
            "path": "programmirovanie-vp110",
            "title": "Программирование ОВЕН ВП110",
            "image": "vp110.png",
            "benefit": "Оперативно программирую сенсорные web-панели оператора ОВЕН ВП110 по вашему техническому заданию",
            "advantages": "Программирование контроллеров"
        },
        {
            "path": "programmirovanie-ipp120",
            "title": "Программирование ОВЕН ИПП120",
            "image": "ipp120.png",
            "benefit": "Оперативно программирую информационную панель оператора ОВЕН ИПП120 по вашему техническому заданию в среде Owen Logic",
            "advantages": "Программирование контроллеров"
        },
        {
            "path": "programmirovanie-ip320",
            "title": "Программирование ОВЕН ИП320",
            "image": "ip320.png",
            "benefit": "Оперативно программирую панель оператора ОВЕН ИП320 по вашему техническому заданию",
            "advantages": "Программирование контроллеров"
        },
        {
            "path": "programmirovanie-ksod",
            "title": "Программирование ОВЕН КСОД",
            "image": "ksod.png",
            "benefit": "Оперативно программирую контроллер учета ресурсов ОВЕН КСОД по вашему техническому заданию",
            "advantages": "Программирование контроллеров"
        },
        {
            "path": "programmirovanie-smi1",
            "title": "Программирование ОВЕН СМИ1",
            "image": "smi1.jpg",
            "benefit": "Оперативно конфигурирую панель оператора с цифровой индикацией ОВЕН СМИ1 по вашему техническому заданию",
            "advantages": "Программирование контроллеров"
        },
        {
            "path": "nastroyka-preobrazovateley-chastoty-oven-pchv1",
            "title": "Настройка преобразователей частоты ОВЕН ПЧВ1",
            "image": "pchv1-2.jpg",
            "benefit": "Оперативно настрою преобразователь частоты ОВЕН ПЧВ1 по вашему техническому заданию",
            "advantages": "Программирование контроллеров"
        },
        {
            "path": "nastroyka-preobrazovateley-chastoty-oven-pchv2",
            "title": "Настройка преобразователей частоты ОВЕН ПЧВ2",
            "image": "pchv1-2.jpg",
            "benefit": "Оперативно настрою преобразователь частоты ОВЕН ПЧВ2 по вашему техническому заданию",
            "advantages": "Программирование контроллеров"
        },
        {
            "path": "nastroyka-preobrazovateley-chastoty-oven-pchv3",
            "title": "Настройка преобразователей частоты ОВЕН ПЧВ3",
            "image": "pchv3.jpg",
            "benefit": "Оперативно настрою преобразователь частоты ОВЕН ПЧВ3 по вашему техническому заданию",
            "advantages": "Программирование контроллеров"
        },
        {
            "path": "nastroyka-preobrazovateley-chastoty-kippribor-afd-l",
            "title": "Настройка преобразователей частоты KIPPRIBOR AFD-L",
            "image": "afd-l.png",
            "benefit": "Оперативно настрою преобразователь частоты KIPPRIBOR AFD-L по вашему техническому заданию",
            "advantages": "Программирование контроллеров"
        },
        {
            "path": "nastroyka-dvuhkanalnogo-izmeritelya-oven-2trm0",
            "title": "Настройка двухканального измерителя ОВЕН 2ТРМ0",
            "image": "2trm0.png",
            "benefit": "Оперативно настрою двухканальный измеритель ОВЕН 2ТРМ0 по вашему техническому заданию",
            "advantages": "Программирование контроллеров"
        },
        {
            "path": "nastroyka-dvuhkanalnogo-izmeritelya-oven-trm200",
            "title": "Настройка двухканального измерителя ОВЕН ТРМ200",
            "image": "trm200.png",
            "benefit": "Оперативно настрою двухканальный измеритель ОВЕН ТРМ200 по вашему техническому заданию",
            "advantages": "Программирование контроллеров"
        },
        {
            "path": "nastroyka-vosmikanalnogo-izmeritelya-oven-ukt38",
            "title": "Настройка восьмиканального измерителя ОВЕН УКТ38",
            "image": "ukt38.png",
            "benefit": "Оперативно настрою восьмиканальный измеритель ОВЕН УКТ38 по вашему техническому заданию",
            "advantages": "Программирование контроллеров"
        },
        {
            "path": "nastroyka-regulyatora-s-cifrovym-taymerom-oven-trm501",
            "title": "Настройка регулятора с цифровым таймером ОВЕН ТРМ501",
            "image": "trm501.png",
            "benefit": "Оперативно настрою регулятор с цифровым таймером ОВЕН ТРМ501 по вашему техническому заданию",
            "advantages": "Программирование контроллеров"
        },
        {
            "path": "nastroyka-regulyatora-s-moshchnym-rele-oven-trm500",
            "title": "Настройка регулятора с мощным реле ОВЕН ТРМ500",
            "image": "trm500.png",
            "benefit": "Оперативно настрою регулятор с мощным реле ОВЕН ТРМ500 по вашему техническому заданию",
            "advantages": "Программирование контроллеров"
        }

    ],
    "advantages": [
        {
            "name": "Программирование контроллеров",
            "list": [
                "Опыт автоматизации более 15 лет",
                "Есть большое количество наработок",
                "Отвечаю своей репутацией за качество",
                "Пожизненная гарантия на программу",
                "Оперативный выезд на объект"
            ]
        }
    ]
}